,city,Max Temp ,Humidity (%),Cloudiness (%),Wind Speed (mph),latitude,longtitude,Date
0,Punta Arenas,57.2,44,32,12.75,-53.16,-70.91,01/03/2020
1,Banda Aceh,73.85,84,2,5.37,5.56,95.32,01/03/2020
2,Dalmeny,23.0,79,90,6.93,52.34,-106.77,01/03/2020
3,Tchollire,74.48,21,0,4.14,8.4,14.17,01/03/2020
4,Butaritari,82.8,80,100,12.28,3.07,172.79,01/03/2020
5,Mahebourg,78.8,88,40,7.27,-20.41,57.7,01/03/2020
6,Botou,32.34,42,100,2.48,38.08,116.55,01/03/2020
7,Laguna,86.0,66,20,4.7,16.17,-88.94,01/03/2020
8,Albany,48.0,79,90,6.93,42.65,-73.75,01/03/2020
9,Rikitea,78.39,80,100,8.79,-23.12,-134.97,01/03/2020
10,Isangel,69.8,83,25,2.24,-19.55,169.27,01/03/2020
11,Bandarbeyla,78.26,80,39,16.93,9.49,50.81,01/03/2020
12,Tecoanapa,87.8,52,75,4.7,16.99,-99.26,01/03/2020
13,Busselton,46.0,47,0,11.3,-33.64,115.35,01/03/2020
14,Fallon,33.01,53,1,14.99,46.84,-105.12,01/03/2020
15,Leningradskiy,-8.79,77,10,13.71,69.38,178.42,01/03/2020
16,Rudnogorsk,25.36,90,100,11.32,57.27,103.75,01/03/2020
17,Zhigansk,-29.43,92,47,12.12,66.77,123.37,01/03/2020
18,Hasaki,33.8,66,20,3.36,35.73,140.83,01/03/2020
19,Kalmunai,81.84,79,0,8.28,7.42,81.82,01/03/2020
20,Bluff,68.32,84,12,9.22,-23.58,149.07,01/03/2020
21,Carnarvon,81.79,16,0,9.86,-30.97,22.13,01/03/2020
22,Faanui,81.34,79,88,14.94,-16.48,-151.75,01/03/2020
23,New Norfolk,62.6,67,99,10.29,-42.78,147.06,01/03/2020
24,Salalah,77.0,61,20,4.7,17.01,54.1,01/03/2020
25,Tual,83.14,77,100,13.47,-5.67,132.75,01/03/2020
26,Castro,71.6,64,75,16.11,-42.48,-73.76,01/03/2020
27,Faurei,30.2,74,5,5.82,45.08,27.27,01/03/2020
28,La Maddalena,53.6,81,75,5.82,39.15,9.02,01/03/2020
29,Cherskiy,1.36,65,9,11.05,68.75,161.3,01/03/2020
30,Pervomayskoye,25.16,91,99,13.82,57.07,86.23,01/03/2020
31,Lorengau,83.82,74,100,4.32,-2.02,147.27,01/03/2020
32,Kapaa,75.2,73,90,21.92,22.08,-159.32,01/03/2020
33,Chuy,76.14,57,30,14.97,-33.69,-53.46,01/03/2020
34,Bredasdorp,69.8,68,20,5.82,-34.53,20.04,01/03/2020
35,Lloydminster,14.0,85,90,3.15,53.28,-110.01,01/03/2020
36,Saint-Philippe,43.0,80,90,11.41,45.36,-73.48,01/03/2020
37,Mataura,48.0,79,66,11.99,-46.19,168.86,01/03/2020
38,Olean,48.0,93,90,5.82,42.08,-78.43,01/03/2020
39,Saint-Joseph,52.0,87,100,3.36,43.56,6.97,01/03/2020
40,Luderitz,64.99,81,0,33.02,-26.65,15.16,01/03/2020
41,Nishihara,43.0,80,1,7.94,35.74,139.53,01/03/2020
42,Esperance,51.8,71,8,4.7,-33.86,121.89,01/03/2020
43,Port-Cartier,23.0,67,40,3.36,50.03,-66.88,01/03/2020
44,Derzhavinsk,15.82,96,75,9.62,51.1,66.31,01/03/2020
45,Ahipara,60.01,100,52,1.99,-35.17,173.16,01/03/2020
46,Vaini,62.82,81,15,2.46,15.34,74.49,01/03/2020
47,Noyabrsk,1.8,93,100,21.36,63.2,75.45,01/03/2020
48,Hailun,-3.37,98,100,3.69,47.46,126.97,01/03/2020
49,Te Anau,40.51,75,77,5.66,-45.41,167.72,01/03/2020
50,Koslan,33.55,97,100,14.41,63.46,48.9,01/03/2020
51,Ardrishaig,48.2,87,40,19.46,56.02,-5.45,01/03/2020
52,Port Alfred,68.0,97,100,1.01,-33.59,26.89,01/03/2020
53,Sitka,45.0,50,0,11.01,37.17,-99.65,01/03/2020
54,Qaanaaq,-37.8,91,100,7.23,77.48,-69.36,01/03/2020
55,Khatanga,-4.09,98,100,6.87,71.98,102.47,01/03/2020
56,Matamoros,72.0,37,1,20.8,25.87,-97.51,01/03/2020
57,Severo-Kurilsk,13.77,79,74,2.01,50.68,156.12,01/03/2020
58,Yellowknife,5.0,84,90,8.05,62.45,-114.38,01/03/2020
59,Hermanus,69.01,76,0,10.09,-34.42,19.24,01/03/2020
60,Sudbury,33.8,64,90,13.87,46.49,-80.99,01/03/2020
61,Tuktoyaktuk,-18.4,75,75,13.87,69.44,-133.03,01/03/2020
62,Tuatapere,48.0,79,81,11.99,-46.13,167.69,01/03/2020
63,Longyearbyen,6.8,60,20,17.22,78.22,15.63,01/03/2020
64,Barrow,87.53,24,0,11.86,-38.31,-60.23,01/03/2020
65,Usinsk,24.08,94,100,21.27,66.0,57.56,01/03/2020
66,Mount Gambier,64.4,77,10,5.82,-37.83,140.78,01/03/2020
67,Vanimo,83.5,76,100,20.13,-2.67,141.3,01/03/2020
68,Arman,23.38,72,100,29.84,59.7,150.17,01/03/2020
69,Quatre Cocos,78.8,88,40,11.1,-20.21,57.76,01/03/2020
70,Khani,39.2,64,13,5.82,41.96,42.96,01/03/2020
71,Hithadhoo,83.41,68,40,4.36,-0.6,73.08,01/03/2020
72,Ribeira Grande,62.6,82,75,16.11,38.52,-28.7,01/03/2020
73,Berdigestyakh,-24.59,97,99,5.32,62.1,126.7,01/03/2020
74,Tessalit,60.8,22,42,12.48,20.2,1.01,01/03/2020
75,Hilo,71.6,64,1,6.93,19.71,-155.08,01/03/2020
76,Prince George,27.0,92,90,5.82,53.92,-122.75,01/03/2020
77,Loyga,32.43,91,100,12.68,61.08,44.61,01/03/2020
78,Karpathos,55.4,58,40,26.4,35.51,27.21,01/03/2020
79,Puerto Ayora,82.4,65,75,20.8,-0.74,-90.35,01/03/2020
80,Saldanha,43.16,93,36,1.97,41.42,-6.55,01/03/2020
81,Flinders,70.0,100,0,8.81,-34.58,150.85,01/03/2020
82,Ushuaia,57.2,49,75,6.93,-54.81,-68.31,01/03/2020
83,Norman Wells,-11.2,76,90,9.17,65.28,-126.83,01/03/2020
84,Alice Springs,84.2,45,75,8.05,-23.7,133.88,01/03/2020
85,Nara,48.2,61,20,17.22,34.68,135.8,01/03/2020
86,Micheweni,82.87,80,88,16.13,-4.97,39.83,01/03/2020
87,Los Llanos de Aridane,68.0,52,20,5.82,28.66,-17.92,01/03/2020
88,Kaeo,62.01,100,45,1.99,-35.1,173.78,01/03/2020
89,Northport,60.8,93,90,3.36,33.23,-87.58,01/03/2020
90,Hobart,62.6,67,98,10.29,-42.88,147.33,01/03/2020
91,Puerto Escondido,87.8,55,40,6.35,15.86,-97.07,01/03/2020
92,Saskylakh,-20.76,94,44,7.14,71.97,114.09,01/03/2020
93,Furano,7.88,95,100,0.22,43.28,142.47,01/03/2020
94,Plettenberg Bay,68.67,89,47,6.35,-34.05,23.37,01/03/2020
95,Solnechnyy,-6.52,85,50,1.54,50.72,136.64,01/03/2020
96,The Valley,84.99,66,20,12.75,18.22,-63.06,01/03/2020
97,Avarua,78.8,74,32,3.36,-21.21,-159.78,01/03/2020
98,Sept-Iles,23.0,67,40,3.36,50.2,-66.38,01/03/2020
99,Georgetown,84.2,70,20,9.17,6.8,-58.16,01/03/2020
100,Talnakh,3.2,77,97,15.66,69.49,88.39,01/03/2020
101,Aden,77.56,73,11,11.39,12.79,45.03,01/03/2020
102,Khandyga,-33.45,96,81,1.52,62.65,135.58,01/03/2020
103,Amazar,-13.18,93,73,2.59,53.86,120.88,01/03/2020
104,Copiapo,71.6,56,40,10.29,-27.37,-70.33,01/03/2020
105,Osoyoos,42.8,80,75,19.46,49.03,-119.47,01/03/2020
106,Bambous Virieux,78.8,88,40,18.1,-20.34,57.76,01/03/2020
107,Stromness,46.99,93,90,6.93,42.87,-79.55,01/03/2020
108,Ati,70.5,21,0,13.22,13.21,18.34,01/03/2020
109,Pevek,-1.64,62,81,8.46,69.7,170.27,01/03/2020
110,Jamestown,65.71,68,0,21.03,-33.21,138.6,01/03/2020
111,Port Elizabeth,53.01,87,90,5.82,39.31,-74.98,01/03/2020
112,Rayadrug,78.15,61,83,8.16,14.7,76.87,01/03/2020
113,Waingapu,83.61,76,98,16.2,-9.65,120.26,01/03/2020
114,Atambua,75.24,88,94,1.66,-9.11,124.89,01/03/2020
115,Somerset East,67.05,85,31,9.26,-32.72,25.59,01/03/2020
116,Ishigaki,68.81,63,100,9.62,24.34,124.16,01/03/2020
117,Ilhabela,77.09,81,68,15.17,-23.78,-45.36,01/03/2020
118,Lebu,59.0,62,75,9.17,8.96,38.73,01/03/2020
119,Great Falls,45.0,56,40,28.86,47.5,-111.29,01/03/2020
120,Delijan,37.63,67,90,3.04,33.99,50.69,01/03/2020
121,Lerwick,39.2,80,75,23.04,60.15,-1.15,01/03/2020
122,Pisco,73.0,30,20,16.11,-13.71,-76.2,01/03/2020
123,Provideniya,-13.4,69,0,9.37,64.42,-173.23,01/03/2020
124,Souillac,52.0,87,20,6.93,45.6,-0.6,01/03/2020
125,Mount Isa,82.4,51,0,3.36,-20.73,139.49,01/03/2020
126,Rio Grande,82.4,51,75,16.11,-32.03,-52.1,01/03/2020
127,Sydney,72.0,83,0,3.36,-33.85,151.22,01/03/2020
128,Cockburn Town,82.4,74,75,11.41,21.46,-71.14,01/03/2020
129,Batticaloa,74.41,94,8,1.72,7.71,81.69,01/03/2020
130,Ilulissat,19.4,41,40,2.24,69.22,-51.1,01/03/2020
131,Cayenne,84.2,74,75,10.29,4.94,-52.33,01/03/2020
132,Yinchuan,25.25,66,0,3.96,38.48,106.21,01/03/2020
133,El Campo,69.01,51,1,12.75,29.2,-96.27,01/03/2020
134,Diglur,67.96,91,7,6.13,18.55,77.6,01/03/2020
135,East London,71.6,100,90,11.41,-33.02,27.91,01/03/2020
136,Dikson,-2.22,95,90,19.35,73.51,80.55,01/03/2020
137,Yerbogachen,11.68,96,100,3.94,61.28,108.01,01/03/2020
138,Wamba,77.49,54,100,3.76,2.14,27.99,01/03/2020
139,Barcelos,93.45,37,2,3.58,-0.97,-62.93,01/03/2020
140,Sarmanovo,26.6,86,90,22.37,55.25,52.59,01/03/2020
141,Lumeje,70.54,82,81,5.91,-11.56,20.78,01/03/2020
142,Tasiilaq,17.6,52,40,20.8,65.61,-37.64,01/03/2020
143,Sao Mateus,90.82,53,97,3.67,-18.72,-39.86,01/03/2020
144,Port Blair,81.75,75,0,8.79,11.67,92.75,01/03/2020
145,Lavrentiya,-16.13,94,64,8.84,65.58,-170.99,01/03/2020
146,Ostersund,27.0,68,38,23.04,63.18,14.64,01/03/2020
147,Pedasi,81.16,76,53,14.16,7.53,-80.03,01/03/2020
148,Cizre,40.12,73,41,2.15,37.33,42.19,01/03/2020
149,Hofn,23.0,53,30,20.8,64.25,-15.21,01/03/2020
150,Mega,72.05,56,74,14.14,4.06,38.32,01/03/2020
151,Aldan,0.99,95,100,7.36,58.61,125.39,01/03/2020
152,Baturaja,73.94,95,100,4.43,-4.12,104.17,01/03/2020
153,Sivas,28.4,100,90,8.05,39.75,37.01,01/03/2020
154,Sheridan,46.4,22,1,17.22,39.65,-105.03,01/03/2020
155,Paranaiba,87.87,59,20,7.27,-19.68,-51.19,01/03/2020
156,Mahendragarh,55.83,47,0,5.1,28.27,76.15,01/03/2020
157,Sao Filipe,72.54,72,100,10.63,14.9,-24.5,01/03/2020
158,Ormara,71.44,65,42,10.78,25.21,64.64,01/03/2020
159,Natal,87.8,55,40,16.11,-5.81,-35.21,01/03/2020
160,Half Moon Bay,57.99,71,1,4.16,37.46,-122.43,01/03/2020
161,Buala,80.19,80,91,3.62,-8.15,159.59,01/03/2020
162,Mar del Plata,87.33,20,79,40.4,-46.43,-67.52,01/03/2020
163,Coquimbo,66.2,68,40,16.11,-29.95,-71.34,01/03/2020
164,Timaru,52.0,95,14,29.82,-44.39,171.25,01/03/2020
165,Shudayag,33.82,97,100,12.77,63.53,53.61,01/03/2020
166,Elizabeth City,72.0,100,90,11.41,36.3,-76.22,01/03/2020
167,Shorapani,39.2,64,13,5.82,42.1,43.08,01/03/2020
168,Valle de Santiago,69.8,19,40,10.29,20.39,-101.18,01/03/2020
169,Deputatskiy,-25.56,100,38,2.71,69.3,139.9,01/03/2020
170,Djenne,70.79,11,3,9.46,13.91,-4.55,01/03/2020
171,Buzdyak,17.13,91,100,14.9,54.57,54.53,01/03/2020
172,Chokurdakh,-17.82,94,28,4.61,70.62,147.9,01/03/2020
173,Saint-Pierre,50.0,100,90,14.99,48.95,4.24,01/03/2020
174,Gao,65.01,13,0,11.12,16.28,-0.04,01/03/2020
175,Victoria,82.4,78,75,8.05,5.28,115.24,01/03/2020
176,Beloha,74.89,82,4,13.62,-25.17,45.06,01/03/2020
177,Cap Malheureux,78.8,88,40,11.79,-19.98,57.61,01/03/2020
178,Omboue,78.62,85,98,3.36,-1.57,9.26,01/03/2020
179,Salinas,59.0,76,1,8.66,36.67,-121.66,01/03/2020
180,Pierre,33.01,63,1,21.92,44.37,-100.35,01/03/2020
181,Fulton,39.99,86,90,8.05,38.85,-91.95,01/03/2020
182,Loandjili,78.12,84,100,1.7,-4.77,11.87,01/03/2020
183,Rabo de Peixe,60.8,82,20,9.17,37.8,-25.58,01/03/2020
184,Huamachuco,55.4,68,97,2.35,-7.82,-78.05,01/03/2020
185,Destin,80.6,88,40,10.29,30.39,-86.5,01/03/2020
186,Bundaberg,69.01,88,3,6.93,-24.87,152.35,01/03/2020
187,Kachiry,8.49,94,27,7.52,53.07,76.1,01/03/2020
188,Milevsko,43.0,77,97,3.0,49.45,14.36,01/03/2020
189,Naryan-Mar,33.75,98,98,14.41,67.67,53.09,01/03/2020
190,Aklavik,-13.0,69,90,9.17,68.22,-135.01,01/03/2020
191,Vardo,51.01,93,75,3.2,39.62,-77.74,01/03/2020
192,Broken Hill,84.2,10,0,13.87,-31.97,141.45,01/03/2020
193,Evensk,7.68,70,92,11.81,61.92,159.24,01/03/2020
194,Kavaratti,81.27,81,71,15.52,10.57,72.64,01/03/2020
195,Raudeberg,35.6,55,75,34.45,61.99,5.14,01/03/2020
196,Izhma,33.85,99,100,9.84,65.01,53.91,01/03/2020
197,Iqaluit,8.6,84,90,4.7,63.75,-68.52,01/03/2020
198,Juneau,28.4,92,75,8.25,58.3,-134.42,01/03/2020
199,Torbay,33.01,86,75,29.97,47.66,-52.73,01/03/2020
200,Toledo,39.2,100,75,3.36,39.86,-4.02,01/03/2020
201,Yeppoon,71.6,73,22,5.82,-23.13,150.74,01/03/2020
202,Inhambane,82.4,74,20,9.17,-23.87,35.38,01/03/2020
203,Rawson,70.9,56,6,16.04,-43.3,-65.11,01/03/2020
204,Norden,44.01,81,40,9.17,53.59,7.21,01/03/2020
205,Ulaanbaatar,-16.6,75,0,4.47,47.92,106.92,01/03/2020
206,Najran,73.4,38,0,4.7,17.54,44.22,01/03/2020
207,Vila,43.0,93,100,4.7,45.18,8.4,01/03/2020
208,Muros,53.01,93,20,4.7,42.77,-9.06,01/03/2020
209,Praia da Vitoria,62.6,72,20,12.33,38.73,-27.07,01/03/2020
210,Namibe,75.49,80,99,6.17,-15.19,12.15,01/03/2020
211,Soyo,80.08,84,100,2.93,-6.13,12.37,01/03/2020
212,Thompson,14.0,85,90,5.82,55.74,-97.86,01/03/2020
213,Arraial do Cabo,80.6,83,75,13.87,-22.97,-42.02,01/03/2020
214,Mutata,81.55,69,73,3.02,7.24,-76.44,01/03/2020
215,Ponta do Sol,81.95,64,48,3.11,-20.63,-46.0,01/03/2020
216,Kaitangata,49.39,69,96,37.76,-46.28,169.85,01/03/2020
217,Amalapuram,72.27,97,43,2.44,16.58,82.0,01/03/2020
218,Coihaique,64.4,82,90,9.17,-45.58,-72.07,01/03/2020
219,Brae,39.2,69,98,31.09,60.4,-1.35,01/03/2020
220,Kodiak,46.99,70,1,13.87,39.95,-94.76,01/03/2020
221,Mercedes,82.99,46,0,15.99,-33.25,-58.03,01/03/2020
222,Gangapur,60.8,93,0,6.51,19.7,75.01,01/03/2020
223,Cocachacra,71.29,77,93,11.03,-17.09,-71.76,01/03/2020
224,Richards Bay,78.82,85,83,21.5,-28.77,32.06,01/03/2020
225,Dubbo,84.2,28,0,4.7,-32.25,148.6,01/03/2020
226,Nikolskoye,41.0,80,90,11.18,59.7,30.79,01/03/2020
227,Shimoda,37.99,81,0,14.83,34.7,138.93,01/03/2020
228,Necochea,74.19,50,0,18.23,-38.55,-58.74,01/03/2020
229,Tautira,84.2,70,40,16.11,-17.73,-149.15,01/03/2020
230,San Quintin,67.32,77,45,7.05,17.54,120.52,01/03/2020
231,Oranjemund,63.7,79,0,18.77,-28.55,16.43,01/03/2020
232,Mogzon,3.63,94,43,4.52,51.74,111.97,01/03/2020
233,Marawi,71.01,89,90,8.99,8.0,124.29,01/03/2020
234,Kutum,61.14,29,12,7.02,14.2,24.66,01/03/2020
235,Homer,21.2,57,90,12.75,59.64,-151.54,01/03/2020
236,Kota Kinabalu,78.8,88,75,3.36,5.98,116.07,01/03/2020
237,Piacabucu,84.24,67,19,12.88,-10.41,-36.43,01/03/2020
238,Cape Town,70.0,77,20,18.34,-33.93,18.42,01/03/2020
239,Svetlaya,7.95,62,0,10.89,46.54,138.33,01/03/2020
240,Sungaipenuh,62.96,99,100,2.91,-2.08,101.38,01/03/2020
241,Port Hedland,82.4,69,40,10.29,-20.31,118.58,01/03/2020
242,Itaituba,72.46,99,100,1.61,-4.26,-55.99,01/03/2020
243,San Patricio,91.58,32,0,8.7,-26.98,-56.83,01/03/2020
244,Katsuura,46.99,70,20,8.05,33.93,134.5,01/03/2020
245,Wuwei,20.66,68,0,1.39,37.93,102.64,01/03/2020
246,Bibiani,80.64,25,57,2.21,6.45,-2.31,01/03/2020
247,Byron Bay,70.0,100,3,3.36,-28.65,153.62,01/03/2020
248,Scarborough,44.01,81,50,12.75,54.28,-0.41,01/03/2020
249,Dongsheng,43.75,81,99,3.11,29.72,112.52,01/03/2020
250,Koumac,67.15,91,0,3.98,-20.56,164.28,01/03/2020
251,Yulara,75.2,94,40,6.93,-25.24,130.99,01/03/2020
252,Euclides da Cunha,90.37,48,84,1.57,-10.51,-39.01,01/03/2020
253,Nizwa,64.8,46,0,0.47,22.93,57.53,01/03/2020
254,Nelidovo,29.61,83,9,9.62,56.22,32.78,01/03/2020
255,Santa Maria,84.2,51,75,11.41,-16.02,-48.01,01/03/2020
256,Grand Gaube,78.8,88,40,11.79,-20.01,57.66,01/03/2020
257,Kavieng,84.24,70,93,0.43,-2.57,150.8,01/03/2020
258,Trogir,51.01,61,0,11.41,43.52,16.25,01/03/2020
259,Chicama,73.4,73,20,13.87,-7.84,-79.15,01/03/2020
260,Masallatah,49.35,71,53,13.4,32.62,14.0,01/03/2020
261,Karwar,72.23,81,16,9.82,14.8,74.13,01/03/2020
262,Voh,73.99,75,0,6.76,-20.95,164.69,01/03/2020
263,Olinda,78.8,24,1,12.75,-37.84,145.39,01/03/2020
264,Moose Factory,21.2,79,90,13.87,51.26,-80.61,01/03/2020
265,Airai,68.74,91,100,3.0,-8.93,125.41,01/03/2020
266,Adana,51.01,100,75,6.93,37.0,35.33,01/03/2020
267,Yenagoa,84.52,23,70,3.4,4.92,6.26,01/03/2020
268,Avera,79.0,83,90,11.41,33.19,-82.53,01/03/2020
269,Sulangan,80.91,79,76,18.39,11.14,123.72,01/03/2020
270,Yar-Sale,4.98,95,100,11.41,66.83,70.83,01/03/2020
271,Riyadh,71.6,35,0,4.7,24.63,46.72,01/03/2020
272,Dingle,72.52,95,77,10.0,11.0,122.67,01/03/2020
273,Kaffrine,89.6,21,90,6.93,14.1,-15.55,01/03/2020
274,Jacksonville,84.2,54,75,11.41,30.33,-81.66,01/03/2020
275,Tucuman,69.06,49,62,12.75,-17.17,-70.89,01/03/2020
276,Smithers,23.0,92,90,10.29,54.78,-127.17,01/03/2020
277,Padang,67.87,93,96,5.5,-0.92,100.36,01/03/2020
278,Tiksi,-23.55,76,38,5.53,71.64,128.87,01/03/2020
279,Vila Velha,86.0,66,20,12.75,-3.71,-38.6,01/03/2020
280,Ternate,77.0,73,20,4.7,14.29,120.72,01/03/2020
281,Roros,23.0,92,75,5.82,62.57,11.38,01/03/2020
282,Kruisfontein,67.64,88,42,8.41,-34.0,24.73,01/03/2020
283,Hambantota,80.02,83,30,11.79,6.12,81.12,01/03/2020
284,Sussex,41.0,60,90,5.82,45.72,-65.51,01/03/2020
285,Nemuro,22.32,59,81,24.45,43.32,145.57,01/03/2020
286,Adrar,59.0,18,25,11.41,27.87,-0.29,01/03/2020
287,Marienburg,46.99,100,75,16.11,52.12,9.98,01/03/2020
288,Mount Vernon,55.4,76,40,4.7,38.73,-77.1,01/03/2020
289,Alta Floresta,78.58,83,99,7.52,-9.87,-56.08,01/03/2020
290,Nanortalik,35.17,65,100,9.06,60.14,-45.24,01/03/2020
291,Morant Bay,87.8,66,20,19.46,17.88,-76.41,01/03/2020
292,Karratha,84.02,76,0,9.84,-20.74,116.85,01/03/2020
293,Ketchikan,32.0,86,90,8.05,55.34,-131.65,01/03/2020
294,Dera Bugti,52.32,36,0,3.87,29.03,69.15,01/03/2020
295,Bethel,-9.4,83,1,12.75,60.79,-161.76,01/03/2020
296,Bayanday,12.2,75,91,1.21,53.07,105.52,01/03/2020
297,Codrington,66.99,93,0,2.64,-28.95,153.24,01/03/2020
298,Vangaindrano,73.62,94,56,3.71,-23.35,47.6,01/03/2020
299,Kandrian,74.55,93,100,3.18,-6.21,149.55,01/03/2020
300,Qasigiannguit,19.4,41,40,2.24,68.82,-51.19,01/03/2020
301,Dawlatabad,44.6,76,0,4.97,36.41,64.91,01/03/2020
302,Matara,80.6,78,20,18.34,-3.48,29.48,01/03/2020
303,Shunyi,30.0,68,68,4.47,40.13,116.65,01/03/2020
304,Grosse Pointe Woods,46.0,81,90,4.7,42.44,-82.91,01/03/2020
305,Miles City,36.0,55,90,6.93,46.41,-105.84,01/03/2020
306,Altamira,77.02,92,98,2.06,-3.2,-52.21,01/03/2020
307,Atuona,80.56,71,0,13.56,-9.8,-139.03,01/03/2020
308,Nantucket,48.2,93,90,9.17,41.28,-70.1,01/03/2020
309,Bubaque,79.39,66,68,11.5,11.28,-15.83,01/03/2020
310,Kitgum,81.34,38,87,8.16,3.3,32.88,01/03/2020
311,Miranda,99.99,23,46,8.21,-20.24,-56.38,01/03/2020
312,Colombo,71.01,73,75,16.11,-25.29,-49.22,01/03/2020
313,Kulhudhuffushi,81.93,80,0,12.1,6.62,73.07,01/03/2020
314,Toora-Khem,-3.55,97,2,1.19,52.47,96.11,01/03/2020
315,Sivaki,-16.08,96,3,4.5,52.63,126.75,01/03/2020
316,Neyshabur,38.7,48,0,7.09,36.21,58.79,01/03/2020
317,Kijang,33.8,50,2,10.29,35.24,129.21,01/03/2020
318,Warsaw,39.99,74,75,5.82,52.23,21.01,01/03/2020
319,Ranong,77.4,81,0,4.0,9.96,98.62,01/03/2020
320,Oistins,86.0,55,20,11.41,13.07,-59.53,01/03/2020
321,Impfondo,77.16,32,100,3.4,1.62,18.06,01/03/2020
322,Emporia,52.0,61,1,14.99,38.4,-96.18,01/03/2020
323,Kahului,71.6,94,75,9.17,20.89,-156.47,01/03/2020
324,Eydhafushi,82.42,78,0,16.93,5.1,73.07,01/03/2020
325,Leh,2.97,61,100,2.13,34.16,77.58,01/03/2020
326,Sassandra,78.98,49,53,5.84,4.95,-6.09,01/03/2020
327,Nome,70.0,77,90,6.93,30.04,-94.42,01/03/2020
328,Atasu,19.99,95,100,5.79,48.68,71.64,01/03/2020
329,Calimanesti,19.0,92,13,2.24,45.24,24.34,01/03/2020
330,Boyolangu,75.45,89,76,1.79,-8.09,111.9,01/03/2020
331,Navolato,71.01,66,0,4.0,24.76,-107.7,01/03/2020
332,Kattivakkam,81.0,88,40,4.7,13.22,80.32,01/03/2020
333,Vao,40.91,92,100,15.7,59.1,26.19,01/03/2020
334,Cidreira,73.24,77,8,20.87,-30.17,-50.22,01/03/2020
335,Kimberley,73.4,64,60,12.75,-28.74,24.76,01/03/2020
336,Maragogi,80.04,79,76,13.09,-9.01,-35.22,01/03/2020
337,Yakeshi,-11.56,100,59,1.92,49.28,120.73,01/03/2020
338,Zapolyarnyy,32.0,90,90,3.36,69.43,30.82,01/03/2020
339,Oga,37.0,59,75,6.93,46.46,10.35,01/03/2020
340,Moron,81.16,69,0,1.81,18.56,-74.26,01/03/2020
341,San Cristobal,83.08,43,56,4.14,14.68,-86.92,01/03/2020
342,Los Alamos,35.01,42,1,12.75,35.88,-106.3,01/03/2020
343,Goderich,39.99,76,95,1.01,43.74,-81.71,01/03/2020
344,Lyuban,29.71,83,54,10.13,52.8,28.0,01/03/2020
345,Dunmore Town,75.79,81,37,13.02,25.5,-76.65,01/03/2020
346,Kununurra,82.4,74,94,4.7,-15.77,128.74,01/03/2020
347,Amuntai,73.85,95,100,1.19,-2.42,115.25,01/03/2020
348,Asmara,67.08,82,33,2.08,15.34,38.93,01/03/2020
349,Quechultenango,69.94,57,75,5.1,17.41,-99.24,01/03/2020
350,Faya,60.8,87,0,5.82,18.39,42.45,01/03/2020
351,Constitucion,52.0,34,5,8.05,23.99,-104.67,01/03/2020
352,Keti Bandar,66.15,56,7,10.63,24.14,67.45,01/03/2020
353,Taganak,80.6,83,20,10.29,6.08,118.3,01/03/2020
354,La Reforma,71.01,64,5,4.29,25.08,-108.06,01/03/2020
355,Durban,15.1,93,71,6.89,51.93,-101.44,01/03/2020
356,Kloulklubed,78.8,78,40,8.05,7.04,134.26,01/03/2020
357,Tura,-6.2,99,100,1.74,64.27,100.22,01/03/2020
358,Ladario,57.0,89,19,2.13,40.7,-7.74,01/03/2020
359,Una,47.08,80,35,2.3,31.47,76.27,01/03/2020
360,Mildura,77.0,29,0,12.75,-34.18,142.16,01/03/2020
361,Haguenau,48.99,87,75,16.11,48.82,7.79,01/03/2020
362,Chernyshevskiy,-5.15,99,89,1.95,63.01,112.47,01/03/2020
363,Vostok,-15.68,97,56,5.21,46.45,135.83,01/03/2020
364,Huilong,48.43,68,77,0.87,31.15,106.5,01/03/2020
365,Abu Samrah,48.97,83,99,11.14,35.3,37.18,01/03/2020
366,Robore,93.51,32,17,10.49,-18.33,-59.76,01/03/2020
367,Paita,62.6,100,34,14.99,-5.09,-81.11,01/03/2020
368,Bemidji,21.0,92,90,4.34,47.48,-94.89,01/03/2020
369,Klaksvik,32.0,60,71,31.09,62.23,-6.59,01/03/2020
370,Flin Flon,17.6,85,90,6.93,54.77,-101.88,01/03/2020
371,Urucara,86.67,55,97,3.69,-2.54,-57.76,01/03/2020
372,Kiama,70.0,100,0,8.81,-34.67,150.86,01/03/2020
373,San Jose,77.97,48,0,6.89,14.25,-87.96,01/03/2020
374,Egvekinot,-13.43,75,0,10.31,66.32,-179.17,01/03/2020
375,Dalen,71.6,100,75,2.24,35.23,45.96,01/03/2020
376,Geraldton,17.6,78,90,4.7,49.72,-86.95,01/03/2020
377,Aransas Pass,71.01,46,1,12.75,27.91,-97.15,01/03/2020
378,Havelock,81.0,65,40,25.28,34.88,-76.9,01/03/2020
379,Grants,32.0,47,1,11.41,35.15,-107.85,01/03/2020
380,Santa Pola,55.0,76,70,3.36,38.19,-0.56,01/03/2020
381,Manta,34.84,52,13,2.64,45.1,24.1,01/03/2020
382,Den Helder,46.0,75,40,13.87,52.96,4.76,01/03/2020
383,Bima,72.7,96,59,2.28,-8.45,118.73,01/03/2020
384,Narsaq,37.4,32,75,38.03,60.91,-46.05,01/03/2020
385,Rome,51.01,81,25,4.7,41.89,12.48,01/03/2020
386,College,-5.01,75,40,3.87,64.86,-147.8,01/03/2020
387,Upernavik,-5.24,99,100,13.89,72.79,-56.15,01/03/2020
388,Rio Gallegos,48.2,81,75,10.29,-51.62,-69.22,01/03/2020
389,Meadow Lake,15.8,72,90,1.41,54.13,-108.44,01/03/2020
390,Derbent,43.16,74,93,12.77,42.06,48.29,01/03/2020
391,Ara,32.0,97,90,2.1,40.46,44.37,01/03/2020
392,Pimentel,85.41,76,81,3.85,-3.7,-45.5,01/03/2020
393,Nauta,83.17,86,20,3.15,-4.51,-73.58,01/03/2020
394,Mehamn,32.0,86,40,11.41,71.03,27.85,01/03/2020
395,Letpadan,70.16,71,46,1.68,17.78,95.75,01/03/2020
396,Havoysund,32.0,76,75,19.46,71.0,24.66,01/03/2020
397,Karangasem,81.1,80,100,15.37,-6.7,108.49,01/03/2020
398,Port Hawkesbury,37.99,74,90,2.24,45.62,-61.36,01/03/2020
399,Carlisle,45.0,100,80,12.75,54.89,-2.94,01/03/2020
400,Bam,56.71,42,76,1.03,29.11,58.36,01/03/2020
401,Eyl,77.99,81,18,19.55,7.98,49.82,01/03/2020
402,Prince Rupert,37.4,93,90,11.41,54.32,-130.32,01/03/2020
403,Portland,46.0,56,90,3.36,43.66,-70.25,01/03/2020
404,Santa Cruz Cabralia,84.2,70,40,20.8,-16.28,-39.02,01/03/2020
405,Virginia Beach,64.0,100,90,11.41,36.85,-75.98,01/03/2020
406,Roebourne,82.26,74,0,5.19,-20.77,117.15,01/03/2020
407,Ajdabiya,55.85,68,67,9.37,30.75,20.22,01/03/2020
408,High Level,-9.4,83,90,4.41,58.52,-117.13,01/03/2020
409,Bathsheba,86.0,55,20,11.41,13.22,-59.52,01/03/2020
410,Lewistown,37.99,70,90,8.43,40.39,-90.15,01/03/2020
411,Ducheng,44.76,90,100,3.69,30.54,114.9,01/03/2020
412,Ndjole,75.81,93,57,4.9,-0.18,10.76,01/03/2020
413,Salumbar,59.0,56,60,4.52,24.14,74.05,01/03/2020
414,Kokopo,82.6,78,93,8.19,-4.34,152.27,01/03/2020
415,Varberg,43.0,86,58,19.46,57.11,12.25,01/03/2020
416,Cartagena,55.0,93,45,6.93,37.63,-1.0,01/03/2020
417,Kralendijk,80.11,77,87,13.31,12.15,-68.27,01/03/2020
418,Chandur Bazar,67.01,75,68,6.2,21.24,77.75,01/03/2020
419,Itacoatiara,84.09,70,80,3.91,-3.14,-58.44,01/03/2020
420,Mirnyy,30.74,86,6,11.14,56.57,36.46,01/03/2020
421,Lebanon,46.99,100,90,1.5,40.34,-76.42,01/03/2020
422,Yarmouth,46.99,87,90,6.93,43.84,-66.12,01/03/2020
423,Plunge,41.0,100,90,10.29,55.91,21.84,01/03/2020
424,Kunming,50.0,100,100,6.71,25.04,102.71,01/03/2020
425,Bajos de Haina,87.8,58,40,16.11,18.41,-70.03,01/03/2020
426,Verkh-Suetka,20.66,95,100,11.25,53.3,80.05,01/03/2020
427,Dargaville,58.66,74,81,10.87,-35.94,173.86,01/03/2020
428,Peniche,57.99,76,75,8.08,39.36,-9.38,01/03/2020
429,Guanare,92.21,37,100,3.6,9.04,-69.74,01/03/2020
430,Svencionys,34.81,87,46,10.96,55.15,26.17,01/03/2020
431,Port Macquarie,70.0,88,0,8.05,-31.43,152.91,01/03/2020
432,Pekan,77.0,88,40,4.7,3.49,103.39,01/03/2020
433,Pasni,67.48,71,7,3.94,25.26,63.48,01/03/2020
434,Bomet,58.96,89,82,4.52,-0.78,35.34,01/03/2020
435,Douentza,64.54,13,13,7.4,15.01,-2.95,01/03/2020
436,Santa Cruz,93.42,37,8,10.63,-6.22,-36.02,01/03/2020
437,Virtsu,42.8,87,20,12.75,58.57,23.51,01/03/2020
438,Santiago,65.08,96,60,1.03,16.69,121.54,01/03/2020
439,Macroom,42.8,86,20,5.82,51.91,-8.96,01/03/2020
440,Pakokku,70.12,63,100,3.09,21.33,95.09,01/03/2020
441,Baghdad,51.8,66,4,2.24,33.3,44.38,01/03/2020
442,Palmer,72.0,77,75,19.46,-34.85,139.16,01/03/2020
443,Port Lincoln,64.74,74,91,12.15,-34.72,135.86,01/03/2020
444,Harper,61.0,36,1,17.22,30.3,-99.24,01/03/2020
445,Boralday,28.4,86,90,4.47,43.36,76.86,01/03/2020
446,La Tuque,35.15,98,99,8.63,47.44,-72.79,01/03/2020
447,Odienne,80.51,15,0,4.94,9.51,-7.57,01/03/2020
448,Grindavik,21.2,62,83,12.75,63.84,-22.43,01/03/2020
449,Nouadhibou,71.6,37,0,10.29,20.93,-17.03,01/03/2020
450,Tabou,78.37,47,25,5.64,4.42,-7.36,01/03/2020
451,Libreville,84.2,70,40,4.7,0.39,9.45,01/03/2020
452,Darab,59.74,56,53,2.44,28.75,54.55,01/03/2020
453,Vaida,43.0,80,20,19.46,59.29,24.98,01/03/2020
454,Nuuk,23.0,67,40,12.75,64.17,-51.74,01/03/2020
455,Limoges,48.99,100,90,4.7,45.84,1.26,01/03/2020
456,Sorong,73.06,98,97,1.95,-0.86,131.25,01/03/2020
457,Ambilobe,79.16,87,100,4.94,-13.19,49.05,01/03/2020
458,Fort Nelson,-11.2,76,75,2.24,58.81,-122.69,01/03/2020
459,Xining,19.24,48,84,2.48,36.62,101.77,01/03/2020
460,Liling,42.8,100,90,4.47,27.65,113.49,01/03/2020
461,Zwedru,83.97,25,16,0.78,6.07,-8.13,01/03/2020
462,Jutai,81.75,89,81,4.03,-1.71,-47.89,01/03/2020
463,Clyde River,-22.0,67,75,13.87,70.47,-68.59,01/03/2020
464,Wajima,42.31,66,94,17.94,37.4,136.9,01/03/2020
465,Zarubino,27.12,62,69,21.68,42.65,131.06,01/03/2020
466,Silver City,46.0,30,1,5.82,32.77,-108.28,01/03/2020
467,Miquelon,33.8,80,75,19.46,47.1,-56.38,01/03/2020
468,Cabo San Lucas,73.0,56,5,3.36,22.89,-109.91,01/03/2020
469,Pangai,77.0,73,20,10.16,-19.8,-174.35,01/03/2020
470,Kalianget,79.0,94,75,3.36,-7.35,109.91,01/03/2020
471,Bella Union,84.49,47,93,1.54,8.5,-73.35,01/03/2020
472,Hazorasp,39.2,93,90,13.87,41.32,61.08,01/03/2020
473,Plouzane,46.4,75,40,8.05,48.38,-4.62,01/03/2020
474,Lahti,37.4,93,75,20.8,60.98,25.66,01/03/2020
475,Zhicheng,38.08,56,35,0.89,35.04,112.59,01/03/2020
476,Almaznyy,32.0,94,40,6.71,48.03,40.04,01/03/2020
477,Kathmandu,46.4,93,75,4.07,27.71,85.32,01/03/2020
478,Ust-Ilimsk,25.0,91,100,9.89,57.96,102.73,01/03/2020
479,Sorrento,59.0,41,0,11.41,-31.82,115.75,01/03/2020
480,Blagoyevo,33.85,97,100,12.66,63.37,47.92,01/03/2020
481,Nueve de Julio,95.27,24,0,7.18,-31.67,-68.39,01/03/2020
482,Celestun,79.0,81,18,8.41,20.87,-90.4,01/03/2020
483,Labuhan,73.85,95,100,1.19,-2.54,115.51,01/03/2020
484,Dzhebariki-Khaya,-33.03,93,52,1.5,62.22,135.8,01/03/2020
485,Roald,35.6,64,75,25.28,62.58,6.12,01/03/2020
486,Lata,5.67,81,90,6.22,30.78,78.62,01/03/2020
487,Chumikan,-14.1,84,0,5.99,54.72,135.31,01/03/2020
488,Develi,37.4,90,75,2.24,38.39,35.49,01/03/2020
489,Contratacion,72.88,75,68,5.53,6.29,-73.47,01/03/2020
490,Pilar,86.0,57,40,10.29,-34.46,-58.91,01/03/2020
491,Oxford,64.0,100,90,0.69,33.61,-85.83,01/03/2020
492,San Andres,74.08,88,38,9.08,13.32,122.68,01/03/2020
493,Cumana,79.2,78,41,10.76,10.46,-64.17,01/03/2020
494,Taksimo,-9.06,98,100,1.25,56.36,114.84,01/03/2020
495,Brooks,17.01,76,90,5.99,50.57,-111.89,01/03/2020
496,Badvel,72.59,92,27,3.71,14.74,79.07,01/03/2020
497,Portsmouth,44.01,75,6,7.83,50.8,-1.08,01/03/2020
498,Deyang,51.01,70,24,2.19,31.12,104.39,01/03/2020
499,Ituango,73.8,59,75,2.55,7.17,-75.76,01/03/2020
500,Aktau,21.2,92,0,4.47,43.65,51.16,01/03/2020
501,Falam,53.82,100,100,1.5,22.91,93.68,01/03/2020
502,Itoman,62.6,72,20,5.82,26.12,127.67,01/03/2020
503,Lagoa,60.8,72,75,3.36,37.14,-8.45,01/03/2020
504,Hailar,-5.71,97,2,4.09,49.2,119.7,01/03/2020
505,Mazagao,87.8,66,75,6.93,-0.12,-51.29,01/03/2020
506,Hamilton,48.0,87,90,6.93,43.26,-79.87,01/03/2020
507,Rio Muerto,66.2,52,5,5.82,27.42,-110.23,01/03/2020
508,Sangmelima,79.14,33,73,2.37,2.93,11.98,01/03/2020
509,Gloversville,48.0,80,40,2.82,43.05,-74.34,01/03/2020
510,Tateyama,42.01,87,100,1.99,36.66,137.31,01/03/2020
511,Haines Junction,-9.6,98,80,5.53,60.75,-137.51,01/03/2020
512,Starosubkhangulovo,7.21,95,100,4.92,53.1,57.43,01/03/2020
513,Livingstonia,61.61,89,62,3.71,-10.61,34.11,01/03/2020
514,Mbini,82.8,67,70,8.84,1.58,9.62,01/03/2020
515,Troitskoye,21.02,95,93,8.1,52.98,84.68,01/03/2020
516,Waverly,57.99,82,90,10.29,37.04,-77.1,01/03/2020
517,Diego de Almagro,82.94,25,17,16.73,-26.39,-70.05,01/03/2020
518,Dubti,82.53,45,0,13.67,11.74,41.09,01/03/2020
519,Kyzyl-Suu,24.78,88,100,9.06,42.34,78.0,01/03/2020
520,Panguna,70.61,94,100,3.58,-6.32,155.48,01/03/2020
521,Catabola,66.65,93,100,5.75,-12.14,17.29,01/03/2020
522,Lekoni,81.14,61,100,4.5,-1.58,14.26,01/03/2020
523,Sungairaya,75.38,95,100,1.63,0.7,108.9,01/03/2020
524,Sorland,37.4,86,75,16.11,67.67,12.69,01/03/2020
525,Sinjai,82.22,70,100,11.16,-5.12,120.25,01/03/2020
526,Jiuquan,19.65,34,19,2.98,39.73,98.49,01/03/2020
527,Aurillac,45.0,100,97,2.24,44.93,2.44,01/03/2020
528,Rajanpur,58.06,31,0,7.94,29.1,70.33,01/03/2020
529,Joao Neiva,84.2,79,75,13.87,-19.76,-40.39,01/03/2020
530,Fortuna,53.01,76,1,9.17,40.6,-124.16,01/03/2020
531,Saint-Georges,39.0,92,100,1.99,46.12,-70.67,01/03/2020
532,Asyut,48.42,54,0,9.69,27.18,31.19,01/03/2020
533,Canto do Buriti,84.61,64,100,2.55,-8.11,-42.94,01/03/2020
534,Vodnyy,33.82,97,100,12.77,63.51,53.41,01/03/2020
535,Zalantun,1.02,85,33,4.41,48.0,122.72,01/03/2020
536,Zhanaozen,28.89,67,0,4.5,43.35,52.85,01/03/2020
537,Guerrero Negro,64.51,31,1,1.1,27.97,-114.04,01/03/2020
538,Berlevag,32.0,75,40,11.41,70.86,29.09,01/03/2020
539,Naron,54.0,93,20,2.24,43.52,-8.15,01/03/2020
540,Camacupa,66.65,93,100,5.75,-12.02,17.48,01/03/2020
541,Walvis Bay,66.2,72,17,8.05,-22.95,14.51,01/03/2020
542,Zhangjiakou,16.68,60,10,6.64,40.77,114.88,01/03/2020
543,Northam,59.0,46,0,10.29,-31.65,116.67,01/03/2020
544,Nan,65.01,78,20,2.64,18.78,100.78,01/03/2020
545,Placido de Castro,84.92,66,61,6.15,-10.34,-67.19,01/03/2020
546,Zyryanka,-0.58,81,19,11.1,65.73,150.89,01/03/2020
547,Bom Jardim,86.86,52,91,9.62,-7.8,-35.59,01/03/2020
548,Gigmoto,80.44,79,47,23.89,13.78,124.39,01/03/2020
549,Nzega,72.16,76,100,0.54,-4.22,33.19,01/03/2020
550,Lasa,51.8,81,75,12.75,34.92,32.53,01/03/2020
551,Suluq,51.93,59,7,4.59,31.67,20.25,01/03/2020
552,Gornopravdinsk,9.05,93,98,12.64,60.06,69.92,01/03/2020
553,Srednekolymsk,-3.05,77,2,2.95,67.46,153.71,01/03/2020
554,Luanda,82.4,78,75,8.05,-8.83,13.24,01/03/2020
555,Sola,69.73,72,94,4.81,-3.17,33.8,01/03/2020
556,Gamba,9.9,77,82,4.38,28.28,88.52,01/03/2020
557,Medicine Hat,28.0,62,75,6.93,50.04,-110.68,01/03/2020
558,Rabaul,83.53,73,100,3.98,-4.2,152.17,01/03/2020
559,Araceli,80.71,80,86,25.59,10.55,119.99,01/03/2020
560,Veracruz,84.2,45,90,14.99,-3.97,-79.57,01/03/2020
561,Hay River,-5.8,76,75,3.36,60.82,-115.79,01/03/2020
562,Alpoyeca,76.46,41,87,2.68,17.67,-98.51,01/03/2020
563,Sur,70.56,63,0,8.72,22.57,59.53,01/03/2020
564,Tooele,41.0,60,1,6.93,40.53,-112.3,01/03/2020
565,Gambela,86.54,38,91,6.13,8.25,34.59,01/03/2020
566,Beringovskiy,-9.78,79,0,16.53,63.05,179.32,01/03/2020
567,Tagusao,73.58,88,91,1.97,9.19,117.81,01/03/2020
568,Kodinsk,25.93,93,99,11.72,58.6,99.18,01/03/2020
569,Oktyabrskiy,33.01,90,75,8.95,55.61,37.97,01/03/2020
570,Broome,41.0,80,34,8.05,52.47,1.45,01/03/2020
571,Fairbanks,-5.01,75,40,3.18,64.84,-147.72,01/03/2020
572,Alofi,71.6,94,20,1.12,-19.06,-169.92,01/03/2020
